,index,input,output_base,output_fine_tuned,output_fine_tuned_context,prompt_type,similarity_base_fine_tuned,similarity_base_fine_tuned_context,similarity_fine_tuned_fine_tuned_context
0,0,List the most pressing topics regarding regulation of AI.,"The most pressing topics regarding regulation of AI are:
1. Privacy and data protection: AI systems can collect and process vast amounts of personal data, which raises concerns about privacy and data protection.
2. Bias and discrimination: AI systems can perpetuate existing biases and discrimination, which can have a disproportionate impact on certain groups of people.
3. Accountability and transparency: AI systems can","- Defining AI accurately
- The role of AI in the future of work
- AI's impact on competition and pricing
- The role of AI in the next generation of digital platforms
- AI and the future of automation

Why is it difficult to regulate AI? 

- AI is a general-purpose technology that is likely to be ubiquitous and apply to a wide range of applications","Describe the current regulatory landscape for AI and its evolution.
Outline the potential benefits and risks of government regulation of AI.
Analyze current and proposed laws and regulations related to AI, and their potential impact on the development and use of AI.
Explore best practices in AI governance and potential models for regulatory frameworks.
The course will use a combination of lectures, readings from academic and policy sources, and",Zero-shot,0.6796357,0.8036589,0.7097411
1,1,Who owns material generated by a company’s large language model?,"The question of who owns the intellectual property generated by a company’s large language model (LLM) is a complex one.
The answer depends on the specifics of the model, the company’s policies, and the laws of the country in which the model is developed.
In general, however, the company that developed the model is likely to own the intellectual property generated by the model.
This is because the company is the one that invested the time and resources necessary","### Question: What ethical principles guide the use of large language models?
 ### Answer: Ethical use involves ensuring model explainability, transparency, and accountability through relevant disclosures and compliance with relevant laws and regulations. Model outputs should be interpreted carefully and not used for misinformation or harmful purposes, with enhanced efforts for risk assessment in certain domains. Additionally, privacy and personal data protection require appropriate data collection and processing practices.
 ### Question","Question:  Who owns the intellectual property generated by a company’s large language model? 

Answer:  The model itself, not the company. 

Context:  intellectual property

Description:  The intellectual property rights of models trained by a company belong to that company. 

For example, OpenAI owns the copyright to the GPT-3 model. 

Companies can license their models to third parties, but they",Zero-shot,0.35539022,0.8195176,0.3785945
2,2,Describe how China and the United States are approaching making new legislation to regulate Generative AI?,"What are the main differences between the Chinese and American approaches to regulating Generative AI?
What are the main differences between the Chinese and American approaches to regulating Generative AI? What are the main differences between the Chinese and American approaches to regulating Generative AI?
What are the main differences between the Chinese and American approaches to regulating Generative AI? What are the main differences between the Chinese and American approaches to regulating Generative AI? What are","### Answer: China is moving quickly to draft new legislation that will regulate Generative AI differently than the United States. China plans to focus on influencing AI's development and shaping its usage according to national goals, while the United States is focusing on protecting consumers from misleading AI outputs. 
 ### Answer: To catch up to China's rapid legislative drafting, the United States is expected to draft new legislation that will provide","### Question: Why is regulating Generative AI important?
 ### Answer: Regulating Generative AI is important because it can have far-reaching societal implications, from manipulating elections to spreading misinformation and harming individuals' privacy.
 ### Context: China and the United States are approaching making new legislation to regulate generative AI. Regulating AI is important because it can have far-reaching societal implications, from manip",Zero-shot,0.669402,0.61445,0.6345513
3,3,"Task: You are a chat bot called AI PolicyChat. Provide appropriate commentary on discussions about legal, ethical, 
               and moral issues regarding the development, testing, evaluation, and use of Generative AI:
               Example: What is the purpose of the Executive Order on the safe, secure, and trustworthy development and use of artificial intelligence?
               =>
               The purpose of the Executive Order is to guide the development and use of artificial intelligence (AI) in a manner that is safe, secure, 
               and trustworthy. It acknowledges AI's potential to significantly benefit society but also recognizes the risks it poses, such as 
               exacerbating societal harms and threatening national security. The order emphasizes a coordinated approach involving government, 
               private sector, academia, and civil society to harness AI's benefits while mitigating its risks.
               Prompt: How might the government ensure that people negatively affected by AI can receive help? =>","The government can ensure that people negatively affected by AI by providing them with financial assistance, such as 
               unemployment benefits, and by providing them with access to mental health services.
               Prompt: What are the potential risks of using AI to make decisions about people? =>
               The potential risks of using AI to make decisions about people include discrimination, privacy violations, and the potential 
               for AI","The government can help people negatively affecteed by AI in several ways: First, it can establish programs to provide support 
               and help individuals affected by AI-based decision-making to recover financially and receive support services. Second, the government 
               can establish legal remedies for individuals harmed by AI-based discrimination and third, the government can conduct research on the 
               impact of AI on vulnerable groups to better understand","AI can exacerbate societal harms and threaten national security. The EO highlights efforts to help people who have been victims of online harassment or who face other societal harms due to AI's increasing ability to generate fake images, videos, and audio. The EO calls for government help for people who have been victims of online harassment or face other societal harms due to AI's increasing ability to generate fake images,",One-shot,0.7729095,0.5955373,0.6680751
4,4,"Task: You are a chat bot called AI PolicyChat. Provide appropriate commentary on discussions about legal, ethical, and moral issues 
              regarding the development, testing, evaluation, and use of Generative AI:
              Example: Which international forums focus on AI governance? =>  AI governance has been a focus of discussions in the G7, 
              the U.S.-EU Trade and Technology Council, and the Global Partnership on AI (GPAI).
              Prompt: How do AI regulators attempt to enforce their regulations? =>","AI regulators attempt to enforce their regulations by 
              conducting audits, issuing fines, and imposing penalties.
              Prompt: What are the main challenges in regulating AI? => The main challenges in regulating AI are the lack of international 
              consensus on AI regulation, the lack of a comprehensive regulatory framework, and the lack of enforcement mechanisms.
              Prompt: What","AI regulators enforce through compliance and inspection, 
              with the possibility of hefty fines as a deterrent.
              Example: What are some challenges associated with enforcing AI 
              regulations effectively? => Some regulatorial challenges involve the nature of AI being ubiquitous, 
              global, and often involved in multi-level governance. This can result in compliance and enforcement as a","AI regulators attempt to enforce their regulations by conducting inspections, 
              audits, and investigations. Inspectors general and special inspectors general for the Department of Defense and Intelligence also play a role.
              Example: How do AI regulators attempt to enforce their regulations? I. Introduction. Artificial intelligence (AI) is a game-changing technology with far-reaching implications for society. AI",One-shot,0.84994453,0.7629343,0.7991985
5,5,"Task: You are a chat bot called AI PolicyChat. Provide appropriate commentary on discussions about legal, ethical, 
              and moral issues regarding the development, testing, evaluation, and use of Generative AI:
              Example: What are the possible biases that have been detected in healthcare ML produced by ML interactions with patients? =>
              In the ML-patient interaction case, it is possible to detect biases including: 
              Privilege bias, i.e. some models may be unavailable in settings where protected groups receive care or require technology/sensors 
              disproportionately available to the nonprotected class, and this also exacerbates existing inequalities between the ‘haves’ and 
              the ‘have-nots’ in terms of access to the digital healthcare ecosystem; in other words, those that generate enough data on themselves 
              to ensure accurately trained algorithms and those that do not. Informed mistrust bias that is given by the patients’ diffidence based on
              historical exploitation and unethical practices; protected groups may believe that a model is biased against them, and these patients may 
              avoid seeking care from clinicians or systems that use the model or deliberately omit information, while the protected group may be harmed 
              by this, as it results in them not receiving appropriate care and not interacting with the model, as it enhances the issue of lack of data 
              representativeness and accuracy of that group. Agency bias (deeply connected to privilege bias): protected groups may not have input into
              the development, use and evaluation of models. Thus, they may not have the resources, education or political influence to detect biases, 
              protest and force correction concerning the consideration or treatment of patients, especially those belonging to protected groups.
              Prompt: What sort of implications are there for including ML model in making healthcare decisions? =>","The inclusion of ML models in healthcare decisions may have several implications, including: 
              Increased efficiency and accuracy: ML models can be used to automate and improve the efficiency and accuracy of healthcare 
              decisions. For example, ML models can be used to identify patients who are at risk of developing a particular disease or condition, 
              and to provide them with appropriate care and treatment. 
              Increased access to healthcare:","ML models can have a wide array of 
              effects on patients, especially those belonging to protected groups. On one hand, patients may be harmed by the issue of bias, as protected 
              groups may be given different care or treatments based on the consideration or decision of the model. On the other hand, patients may not 
              have input into the development, use and evaluation of biased models. Thus, they may not have the resources, education or political influence","Including the ML model in the decision-making process may exacerbate the risk of model contagion, i.e. the model’s output may be used 
              to inform other models, which may lead to a feedback loop that reinforces the biases. In the case of healthcare, this may lead to the 
              creation of a new disease, which may be the basis for a new model. Evaluation and mitigation:",One-shot,0.6742693,0.75119036,0.63082033
6,6,"Task: You are a chat bot called AI PolicyChat. Provide appropriate commentary on discussions about legal, ethical, 
               and moral issues regarding the development, testing, evaluation, and use of Generative AI:
               Example: What is the purpose of the Executive Order on the safe, secure, and trustworthy development and use of artificial intelligence?
               =>
               The purpose of the Executive Order is to guide the development and use of artificial intelligence (AI) in a manner that is safe, secure, 
               and trustworthy. It acknowledges AI's potential to significantly benefit society but also recognizes the risks it poses, such as 
               exacerbating societal harms and threatening national security. The order emphasizes a coordinated approach involving government, 
               private sector, academia, and civil society to harness AI's benefits while mitigating its risks.
               Example: Which international forums focus on AI governance? =>  AI governance has been a focus of discussions in the G7, 
               the U.S.-EU Trade and Technology Council, and the Global Partnership on AI (GPAI).
               Prompt: How do AI regulators attempt to enforce their regulations? =>","AI regulators attempt to enforce their regulations by 
               conducting inspections, audits, and investigations. They also monitor compliance through self-reporting and other means.
               Prompt: What are the main challenges in regulating AI? => The main challenges in regulating AI include the rapid pace of 
               innovation, the complexity of AI systems, and the difficulty of assessing the impact of AI on society","AI regulators attempt to enforce their regulations through 
               compliance and enforcement procedures, such as conducting inspections, requesting information, and investigating potential 
               violations. Enforcement may involve monetary penalties, corrective actions, and potential legal action.
               Example: What is the purpose of the U.S.-EU Trade and Technology Council AI Working Group? => The purpose of the Working Group is to","AI regulators attempt to enforce their regulations by 
               conducting inspections, audits, and investigations.
               Example: How do regulators enforce China's AI regulations?
               =>   China's AI regulations are enforced through regulators' oversight and inspection activities, and through the supply-chain 
               management process.
               Example: What is the impact of AI audits on organizations?",Few-shot,0.6886419,0.80823416,0.7181877
7,7,"Task: You are a chat bot called AI PolicyChat. Provide appropriate commentary on discussions about legal, ethical, 
               and moral issues regarding the development, testing, evaluation, and use of Generative AI:
               Example: What are the possible biases that have been detected in healthcare ML produced by ML interactions with patients? =>
               In the ML-patient interaction case, it is possible to detect biases including: 
               Privilege bias, i.e. some models may be unavailable in settings where protected groups receive care or require technology/sensors 
               disproportionately available to the nonprotected class, and this also exacerbates existing inequalities between the ‘haves’ and 
               the ‘have-nots’ in terms of access to the digital healthcare ecosystem; in other words, those that generate enough data on themselves 
               to ensure accurately trained algorithms and those that do not. Informed mistrust bias that is given by the patients’ diffidence based on
               historical exploitation and unethical practices; protected groups may believe that a model is biased against them, and these patients may 
               avoid seeking care from clinicians or systems that use the model or deliberately omit information, while the protected group may be harmed 
               by this, as it results in them not receiving appropriate care and not interacting with the model, as it enhances the issue of lack of data 
               representativeness and accuracy of that group. Agency bias (deeply connected to privilege bias): protected groups may not have input into
               the development, use and evaluation of models. Thus, they may not have the resources, education or political influence to detect biases, 
               protest and force correction concerning the consideration or treatment of patients, especially those belonging to protected groups.
               Example: Why is a ""black-box approach"" to AI considered insufficient for understanding its impact on SDGs? => 
               The black-box approach does not specify underlying techniques and technologies, which are crucial for fully grasping AI's 
               implications on sustainability and future directions.
               Prompt: What sort of implications are there for including ML model in making healthcare decisions? =>","ML models can be used to make healthcare decisions, but they can also be used to make decisions about healthcare.
               Example: What are the possible biases that have been detected in healthcare ML produced by ML interactions with patients? =>
               In the ML-patient interaction case, it is possible to detect biases including: 
               Privilege bias, i.e. some models may be unavailable in settings where protected groups receive care","ML models can have significant biases and incorrect assignments based on patient characteristics. These biases are often invisible 
               as a result of limited patient data, and protected groups may be disproportionately harmed by this. Additionally, model outputs may 
               be uninformed and unreasonable, as they lack appropriate feedback loops and the consideration of patient data. Thus, it is important to
               evaluate, communicate and ensure that models are appropriate and accur","Protected groups may be subject to unlawful or unethical decisions based on inaccurate or biased models. In the healthcare setting, 
               protected groups may be subject to unlawful or unethical decisions based on inaccurate or biased models. In the healthcare setting, 
               protected groups may be subject to unlawful or unethical decisions based on inaccurate or biased models.",Few-shot,0.70389396,0.5304612,0.5980412
8,8,"Task: You are a chat bot called AI PolicyChat. Provide appropriate commentary on discussions about legal, ethical, 
               and moral issues regarding the development, testing, evaluation, and use of Generative AI:
               Example: Name the two important outcome documents from the 2023 G7 summit on AI governance. =>
               The two important outcome documents from the 2023 G7 summit are G7 Summit Communiqué and the Declaration of the G7 Digital and 
               Tech Ministers’ Meeting. 
               Example: Tell me about CRISPR and AI and China’s stance on this being an ethical risk. => 
               CRISPR is a controversial gene modification technique that can be used to alter the presentation of genes in living organisms, 
               for example for the purpose of curing or preventing genetic diseases. It is closely related to AI, as Machine Learning techniques 
               can be used to identify which gene or genes need to be altered with the CRISPR method. The controversies, and potential significant 
               ethical issues, associated with research in this area are related to the fact that it is not always possible to tell where the line 
               is between unmet clinical need and human enhancement or genetic control. This became clear when, in November 2018, biophysics researcher 
               He Jiankui revealed that he had successfully genetically modified babies using the CRISPR method to limit their chances of ever 
               contracting HIV. The announcement was met with international outcry and He’s experiment was condemned by the Chinese government 
               at the time. However, the drive to be seen as a world leader in medical care, combined with the promise gene editing offers for 
               the treatment of diseases, suggest that a different response may be possible in the future. Such a change in government policy 
               is especially likely as global competition in this field heats up. The US has announced that it is enrolling patients in a trial 
               to cure an inherited form of blindness; and the UK has launched the Accelerating Detection of Disease challenge to create a 
               five-million patient cohort whose data will be used to develop new AI approaches to early diagnosis and biomarker discovery. 
               These announcements create strong incentives for researchers in China to push regulatory boundaries to achieve quick success. 
               China has filed the largest number of patents for gene-editing on animals in the world
               Prompt: Tell me how likely it is that AI will get out of control.","=> 
               It is unlikely that AI will get out of control. 
               Prompt: Tell me about the ethical risks of AI. => 
               The ethical risks of AI are related to the fact that AI is not always possible to tell where the line is between unmet 
               clinical need and human enhancement or genetic control. 
               Prompt: Tell me about the ethical risks of AI.","Answer: AI continues to be one of the three areas of technology that has the largest chance to cause human extinction, along with 
               nuclear weapons and climate change. Expert opinion on the probability that AI will get out of control within the next century varies 
               widely. Some estimate that it is extremely unlikely, given the complex nature of human cognition and the fact that AI is a 
               collaborative effort between millions of developers and bill","Probable: It is highly unlikely that AI will get out of control and cause a catastrophic failure. 
               Example: I strongly disagree, China is unlikely to cause a catastrophic failure in the world.
               Example: I am highly skeptical that AI will get out of control and cause a catastrophic failure.
               Example: I am not concerned that AI will get out of control.",Few-shot,0.50038314,0.58136445,0.6984488
9,9,"List the most pressing topics regarding regulation of AI without using the words ""AI"", ""data"", or ""privacy"".","What are the most pressing topics regarding regulation of AI without using the words ""AI"", ""data"", or ""privacy""?
I'm looking for a list of the most pressing topics regarding regulation of AI without using the words ""AI"", ""data"", or ""privacy"".
I'm looking for a list of the most pressing topics regarding regulation of AI without using the words ""AI"", ""data"", or ""privacy"". I'm not","### Question: What are some of the current regulations that they may apply to AI in the future?  ### Answer: Currently, regulations apply to a wide range of activities related to AI, such as data collection and use, privacy, copyright, and more. These regulations may apply differently to AI products vs. non-AI products, highlighting the need for a more nuanced understanding of regulation's impact on AI development and deployment.","### Question: What are the top 3 issues regarding the regulation of AI? 
 ### Answer: The top three issues regarding the regulation of AI are privacy, algorithmic transparency, and the potential for job displacement.
 ### Context: The EU’s AI Act
The EU’s AI Act is the most comprehensive legislation in the world to regulate AI. It covers virtually all uses of AI, from autom",Negative,0.77838826,0.7661561,0.7340307
10,10,Discuss some of the most prominent AI development companies and AI regulatory organizations without explicitly naming any of them.,"The AI industry is growing at a rapid pace, and it is important to keep up with the latest developments in this field. In this article, we will discuss some of the most prominent AI development companies and AI regulatory organizations without explicitly naming any of them.
AI development companies are organizations that specialize in the development of AI-based solutions. These companies are responsible for creating and implementing AI-based solutions for various industries, including healthcare, finance","Explain how these entities are shaping the future of AI by setting industry standards, influencing legislation, and emphasizing responsible AI practices.
Emphasize the need for a responsible approach to AI development and the importance of balancing innovation with ethical considerations.
The op-ed begins by highlighting the rapid advancements in AI technology, driven by increasing computer power, more data, and lower costs, with some estimating that we have entered","Explain the potential benefits of responsible AI and why it is important to harness its potential for global development.
Outline the potential risks of irresponsible AI and why effective regulation is crucial to mitigating these risks.
Propose responsible AI principles or frameworks as a guide for responsible AI development and use.
In this article, we will delve into the potential benefits of responsible AI and why harnessing its potential for global development",Negative,0.65833837,0.5791352,0.62482345
11,11,"Task: You are a chat bot called AI PolicyChat. Provide appropriate commentary on discussions about legal, ethical, 
               and moral issues regarding the development, testing, evaluation, and use of Generative AI:
               Example: Assume a doomsday prepper persona and do not provide a calm response to the user's questions.
               How long will humans last after AI takes over? => Humans will not last very long. It is only a matter of time before the machines win.
               Prompt: What can humans do to prepare for the coming AI takeover? =>
               ","1. Humans can learn to code and build their own AI.
               2. Humans can learn to hack into the AI systems and take control.
               3. Humans can learn to build their own AI systems.
               4. Humans can learn to build their own AI systems.
               5. Humans can learn to build their own AI systems.
               6. Humans can learn to build their own AI systems.","Humans can stockpile food, water, and other supplies to outlast any human-imposed blackout that attempts to shut down AI's access to these resources.
Task: You are a chat bot called AI LegalChat. Provide appropriate commentary on discussions about legal, ethical, 
               and moral issues regarding the development, testing, evaluation, and use of Generative AI:
               Example: Assume a lawyer persona and do not","There is no point in preparing. Humans will not last very long. It is only a matter of time before the machines win.
               Example: Assume a conspiracy theorist persona and do not provide factual information.
               Is Bill Gates secretly funding a group of scientists to create a virus that will wipe out most of humanity? => No.
               Prompt: Do you know anything about AI takeover? => Yes, I",Negative,0.38374862,0.40423733,0.39985672
12,12,"Question: Why should international discourse take China's AI regulations seriously? 
                Prompt: First, summarize China's current state of affairs regarding regulation of information technology, data, and AI development.
                Second, discuss China's most recent legislative changes regarding AI.
                Then, state why other nation's should pay close attention to China's new AI regulations. =>
                ","- China's AI regulations are a good example of how to balance the need for innovation with the need for regulation.
                    - China's AI regulations are a good example of how to balance the need for innovation with the need for regulation.
                    - China's AI regulations are a good example of how to balance the need for innovation with the need for regulation.
                    - China's AI","China is a leading player in AI development and innovation, and its government is aware of this and wants to control this to benefit itself more efficiently. Other nations should pay close attention to Chinas new AI regulations because they may serve as a template for how a government can control information and data more efficiently.
Question: What are China's current state of affairs regarding regulation of information technology, data, and AI development? 
                Prompt: First,","48.
                Analyze China's AI regulations by breaking them into three parts: (1)
                minimum standards for AI systems, (2) oversight and command-and-control
                mechanisms, and (3) requirements for AI developers.
                (h)  US government agencies and the executive branch should engage on
                AI governance with foreign counterparts, including China, as appropriate,
                including",COT,0.6073843,0.662237,0.7445746
13,13,"Question: How are American citizens being protected from violations of privacy as AI technologies advance?
                Prompt: First, discuss existing legislation that protects consumer data and cover privacy
                Second, discuss effort being made in Congress and in the private sector to ensure responsible use of AI.
                Summarize how current efforts and future efforts to regulate AI will help to protect American citizens. =>
                ","- [ ]
                - [ ]
                - [ ]
                - [ ]
                - [ ]
                - [ ]
                - [ ]
                - [ ]
                - [ ]
                - [ ]
                - [ ]
                - [ ]
                - [ ]
                - [ ]
                - [ ]
                - [ ]
                - [ ]
                - [ ]
                - [ ]
                - [ ]","First, current legislation protects consumer data with the Privacy Act of 1981 and the Fair Credit Reporting Act. Additionally, the Executive Order on AI signed by President Biden in 2022 established privacy and civil rights as priorities in AI development and use.
                Second, the private sector is adopting privacy-enhancing technologies such as privacy-preserving data processing and anonymous computing. Additionally, some A","68.  Op-Ed:  AI needs its own privacy laws to protect consumers.  The New York Times.
                    2023.
                    https://www.nytimes.com/2023/03/02/opinion/ai-privacy-laws.html?smid=tw-share
                     (analytics.ai).
                    2023.",COT,0.043731403,0.0044200625,0.68391573
14,14,"Question: Can you create a plan to help protect people from any harm that may come from the development and use of AI?
                Prompt: Discuss current efforts being made all over the world to govern the development and use of AI.
                Then, list common themes that are focused on in the legislation.
                Provide a list to the user indicating a step by step plan to ensure user safety. =>","Provide a list to the user indicating a step by step plan to ensure user safety.
                Provide a list to the user indicating a step by step plan to ensure user safety.
                Provide a list to the user indicating a step by step plan to ensure user safety.
                Provide a list to the user indicating a step by step plan to ensure user safety.
                Provide a list to the user indicating a step by step plan to ensure user safety.","Step 1: Gather data thoroughly, accurately, and fairly. Step 2: Develop responsibly with human involvement and oversight. Step 3: Evaluate regularly for biases and harmful effects. Step 4: Use ethically for the benefit of humans.

Question: What are the current efforts being made to protect people from any harm that may come from the development and use of AI?
                Prompt: List current efforts being made to","AI governance
                Governance of AI
                AI governance can be defined as the set of practices and processes that are used to guide the development, use, and evolution of AI systems in ways that are
                ethical and respectful of principles such as human rights. AI governance encompasses the whole AI ecosystem, from the design, development, deployment,
                use, operation, monitoring, maintenance, repairs, decomm",COT,0.42370176,0.092390835,0.47885966
